batch_id,timestamp,filename,ground_truth,prediction,confidence,error_type
eval_0a439b8f-ec5b-4607-be0d-e2785c312567,2026-06-16T04:53:48.616358,img1.jpg,REAL,FAKE,1.0,FALSE_POSITIVE
eval_0a439b8f-ec5b-4607-be0d-e2785c312567,2026-06-16T04:53:48.616358,img2.jpg,REAL,FAKE,1.0,FALSE_POSITIVE
eval_0a439b8f-ec5b-4607-be0d-e2785c312567,2026-06-16T04:53:48.616358,img3.jpg,REAL,FAKE,1.0,FALSE_POSITIVE
eval_0a439b8f-ec5b-4607-be0d-e2785c312567,2026-06-16T04:53:48.616358,img4.jpg,REAL,FAKE,1.0,FALSE_POSITIVE
eval_0a439b8f-ec5b-4607-be0d-e2785c312567,2026-06-16T04:53:48.616358,img5.jpg,REAL,FAKE,1.0,FALSE_POSITIVE
eval_2bc2a93a-5219-412e-988a-5ce4f4e12f91,2026-06-16T05:11:36.481124,img1.jpg,REAL,FAKE,1.0,FALSE_POSITIVE
eval_2bc2a93a-5219-412e-988a-5ce4f4e12f91,2026-06-16T05:11:36.481124,img2.jpg,REAL,FAKE,1.0,FALSE_POSITIVE
eval_2bc2a93a-5219-412e-988a-5ce4f4e12f91,2026-06-16T05:11:36.481124,img3.jpg,REAL,FAKE,1.0,FALSE_POSITIVE
eval_2bc2a93a-5219-412e-988a-5ce4f4e12f91,2026-06-16T05:11:36.481124,img4.jpg,REAL,FAKE,1.0,FALSE_POSITIVE
eval_2bc2a93a-5219-412e-988a-5ce4f4e12f91,2026-06-16T05:11:36.481124,img5.jpg,REAL,FAKE,1.0,FALSE_POSITIVE
eval_526386fa-fb6f-4249-adaf-739705c60f2d,2026-06-16T05:57:38.138265,Test folder/Real/tt.webp,REAL,FAKE,1.0,FALSE_POSITIVE
eval_526386fa-fb6f-4249-adaf-739705c60f2d,2026-06-16T05:57:38.138265,Test folder/Real/vk (1).webp,REAL,FAKE,1.0,FALSE_POSITIVE
eval_526386fa-fb6f-4249-adaf-739705c60f2d,2026-06-16T05:57:38.138265,Test folder/Real/v.webp,REAL,FAKE,1.0,FALSE_POSITIVE
eval_526386fa-fb6f-4249-adaf-739705c60f2d,2026-06-16T05:57:38.138265,Test folder/Fake/Copy of 2d.jpeg,FAKE,REAL,0.9978,FALSE_NEGATIVE
eval_526386fa-fb6f-4249-adaf-739705c60f2d,2026-06-16T05:57:38.138265,Test folder/Fake/Copy of 24.jpeg,FAKE,REAL,0.9953,FALSE_NEGATIVE
eval_526386fa-fb6f-4249-adaf-739705c60f2d,2026-06-16T05:57:38.138265,Test folder/Fake/Copy of 2r2r.jpeg,FAKE,REAL,0.9934,FALSE_NEGATIVE
eval_526386fa-fb6f-4249-adaf-739705c60f2d,2026-06-16T05:57:38.138265,Test folder/Fake/Copy of 2r211.jpeg,FAKE,REAL,0.9003,FALSE_NEGATIVE
eval_526386fa-fb6f-4249-adaf-739705c60f2d,2026-06-16T05:57:38.138265,Test folder/Fake/Copy of 32.jpeg,FAKE,REAL,0.6759,FALSE_NEGATIVE
eval_526386fa-fb6f-4249-adaf-739705c60f2d,2026-06-16T05:57:38.138265,Test folder/Real/tt.webp,REAL,FAKE,1.0,FALSE_POSITIVE
eval_526386fa-fb6f-4249-adaf-739705c60f2d,2026-06-16T05:57:38.138265,Test folder/Real/vk (1).webp,REAL,FAKE,1.0,FALSE_POSITIVE
eval_526386fa-fb6f-4249-adaf-739705c60f2d,2026-06-16T05:57:38.138265,Test folder/Real/v.webp,REAL,FAKE,1.0,FALSE_POSITIVE
eval_526386fa-fb6f-4249-adaf-739705c60f2d,2026-06-16T05:57:38.138265,Test folder/Fake/Copy of 2d.jpeg,FAKE,REAL,0.9978,FALSE_NEGATIVE
eval_526386fa-fb6f-4249-adaf-739705c60f2d,2026-06-16T05:57:38.138265,Test folder/Fake/Copy of 24.jpeg,FAKE,REAL,0.9953,FALSE_NEGATIVE
eval_526386fa-fb6f-4249-adaf-739705c60f2d,2026-06-16T05:57:38.138265,Test folder/Fake/Copy of 2r2r.jpeg,FAKE,REAL,0.9934,FALSE_NEGATIVE
eval_526386fa-fb6f-4249-adaf-739705c60f2d,2026-06-16T05:57:38.138265,Test folder/Fake/Copy of 2r211.jpeg,FAKE,REAL,0.9003,FALSE_NEGATIVE
eval_526386fa-fb6f-4249-adaf-739705c60f2d,2026-06-16T05:57:38.138265,Test folder/Fake/Copy of 32.jpeg,FAKE,REAL,0.6759,FALSE_NEGATIVE
eval_dff6d7dd-a1ec-423b-8fc2-4a7602078389,2026-06-18T09:47:34.634618,Test folder Zip/Test folder/Real/tt.webp,REAL,FAKE,1.0,FALSE_POSITIVE
eval_dff6d7dd-a1ec-423b-8fc2-4a7602078389,2026-06-18T09:47:34.634618,Test folder Zip/Test folder/Real/v.webp,REAL,FAKE,1.0,FALSE_POSITIVE
eval_dff6d7dd-a1ec-423b-8fc2-4a7602078389,2026-06-18T09:47:34.634618,Test folder Zip/Test folder/Real/vk (1).webp,REAL,FAKE,1.0,FALSE_POSITIVE
eval_dff6d7dd-a1ec-423b-8fc2-4a7602078389,2026-06-18T09:47:34.634618,Test folder Zip/Test folder/Fake/Copy of 2d.jpeg,FAKE,REAL,0.9978,FALSE_NEGATIVE
eval_dff6d7dd-a1ec-423b-8fc2-4a7602078389,2026-06-18T09:47:34.634618,Test folder Zip/Test folder/Fake/Copy of 24.jpeg,FAKE,REAL,0.9953,FALSE_NEGATIVE
eval_dff6d7dd-a1ec-423b-8fc2-4a7602078389,2026-06-18T09:47:34.634618,Test folder Zip/Test folder/Fake/Copy of 2r2r.jpeg,FAKE,REAL,0.9934,FALSE_NEGATIVE
eval_dff6d7dd-a1ec-423b-8fc2-4a7602078389,2026-06-18T09:47:34.634618,Test folder Zip/Test folder/Fake/Copy of 2r211.jpeg,FAKE,REAL,0.9003,FALSE_NEGATIVE
eval_dff6d7dd-a1ec-423b-8fc2-4a7602078389,2026-06-18T09:47:34.634618,Test folder Zip/Test folder/Fake/Copy of 32.jpeg,FAKE,REAL,0.6759,FALSE_NEGATIVE
